{
  "params": {
    "a": ["4.981698012738505"],
    "b": ["-0.704269564292723"],
    "c": ["-0.021562366526180"],
    "d": ["0.000023386277867"]
  },
  "function": ["deflate_nls_model"],
  "fit_metadata": {
    "mse": [0.0001],
    "stderr": [0.0036, 0.0018, 0.0002, 4.2249e-07],
    "pcov": [0, 6.2068e-06, -5.5118e-07, 9.3852e-10, 6.2068e-06, 3.0904e-06, -2.45e-07, 4.0758e-10, -5.5118e-07, -2.45e-07, 3.1323e-08, -5.8389e-11, 9.3852e-10, 4.0758e-10, -5.8389e-11, 1.7849e-13],
    "p0": [1, 1, 0, 0]
  }
}
